"subject_id","anxiety_score","congruent_mean","incongruent_mean","congruent_accuracy","incongruent_accuracy","d_score"
"sub-028",2.85714285714286,573.367288135593,651.893148148148,0.936507936507937,0.857142857142857,0.689437362795004
