"subject_id","anxiety_score","congruent_mean","incongruent_mean","congruent_accuracy","incongruent_accuracy","d_score"
"sub-032",2.66666666666667,579.663559322034,664.685740740741,0.967213114754098,0.915254237288136,0.668825152114842
