"subject_id","anxiety_score","congruent_mean","incongruent_mean","congruent_accuracy","incongruent_accuracy","d_score"
"sub-012",3.14285714285714,588.540655737705,686.404528301887,0.968253968253968,0.841269841269841,0.831301273895874
