"subject_id","anxiety_score","congruent_mean","incongruent_mean","congruent_accuracy","incongruent_accuracy","d_score"
"sub-025",2.57142857142857,571.141694915254,654.888363636364,0.936507936507937,0.901639344262295,0.735417014645173
