"subject_id","anxiety_score","congruent_mean","incongruent_mean","congruent_accuracy","incongruent_accuracy","d_score"
"sub-042",3.28571428571429,607.772741935484,640.255681818182,0.984126984126984,0.745762711864407,0.293766099169788
