"subject_id","anxiety_score","congruent_mean","incongruent_mean","congruent_accuracy","incongruent_accuracy","d_score"
"sub-046",4.16666666666667,571.256101694915,670.436610169492,0.951612903225806,0.936507936507937,0.898048948127236
