"subject_id","anxiety_score","congruent_mean","incongruent_mean","congruent_accuracy","incongruent_accuracy","d_score"
"sub-010",2.16666666666667,566.571333333333,667.221896551724,0.967741935483871,0.920634920634921,0.854640412215295
