"subject_id","anxiety_score","congruent_mean","incongruent_mean","congruent_accuracy","incongruent_accuracy","d_score"
"sub-050",4.14285714285714,583.412741935484,669.436842105263,0.984126984126984,0.904761904761905,0.695233106889643
