"subject_id","anxiety_score","congruent_mean","incongruent_mean","congruent_accuracy","incongruent_accuracy","d_score"
"sub-030",3.14285714285714,592.40406779661,665.189444444444,0.951612903225806,0.870967741935484,0.639900511920226
